,car1,car2,car3,car4,car5,car6,bus1,bus2,bus3,bus4,bus5,bus6
1,0.0,875.9231794782546,874.4055019585113,877.6262057507334,914.2222082062284,941.803260149007,-0.0,667.0768205217454,650.5944980414887,668.3737942492666,728.7777917937716,652.196739850993
2,870.3918373593574,0.0,854.8430051146094,851.5131362393921,886.4004733247242,913.442810658949,647.6081626406426,-0.0,666.1569948853906,648.4868637606079,706.5995266752758,632.557189341051
3,896.7493745419553,882.1676091440102,0.0,883.870635416489,920.3429898801593,948.3025298238119,636.2506254580447,671.8323908559898,-0.0,673.129364583511,733.6570101198407,656.6974701761881
4,876.6990245865992,855.4868642085092,861.025301667049,0.0,892.5212549986551,919.942080333754,652.3009754134008,651.5131357914908,670.974698332951,-0.0,711.4787450013449,637.057919666246
5,872.2094089195465,851.1521853942356,856.4091565674652,852.6376167823582,0.0,882.6297254330179,871.7905910804535,867.8478146057644,890.5908434325349,869.3623832176418,-0.0,698.3702745669821
6,295.7361401184712,288.6932888850461,290.43373076496516,289.2524108131643,291.702682449248,0.0,1275.2638598815288,1260.306711114954,1283.5662692350347,1262.7475891868357,1182.297317550752,0.0
